table_id,page,row_index,Frame,[Ie] Rated operational current (Ue ≤ 440 V),col_2,"Motor Power at 415V, 3Ph, 50Hz",col_4,Auxiliary Contacts,col_6,Reference,Unit MRP [`],col_9,col_10,col_11,col_1,col_5,Breaking Capacity at 50 Hz,Thermal Protection Adjustment Range (A),Magnetic Protection (A),No of Poles,AC Control Reference,col_3,DC Control Reference (4),Unit MRP [`]__1,col_8,DC low consumption Reference (1) (2) (3),Motor Power kW) at 380/415V,DC Control Reference(5),Nominal Reactive Power 440V,AC-1 Rated Operational Current [Ie],AC-3 Duty,col_7,Motor Power (Long Life) AC3,[Ie] Rated Operational Current AC1,Poles Composotion,AC control Reference,Unit MRP [`] M7 (220V),DC control Reference,AC3 Duty (Long Life),[Ie] Rated Operational Current AC-1,AC & DC Control Reference,Description,For use with,Motor Power (Long Life) AC-3 kW (@415V) A,Standard version Reference,Power Pole Composition,Pole Composition,Control modules for Standard contactors,Breaking Capacity at 50Hz,Magnetic Protection Rating (A),Thermal Protection Adjustment Range,Breaking Capacity at 415V 50Hz,Motor Power AC-3**,KW,Max. Continuous Current (A),kW,Max. continuous current(A),Nominal Power in kW,Nominal Current (Amps),Range,Voltage,Output,Dimension wxhxd (mm),Cable Gland type ISO standard,Number of Cut outs,Number of rows,[In] Rated Current (A),1 Pole Reference,2 Pole Reference,3 Pole Reference,Unit MRP [`]__2,4 Pole Reference,Unit MRP [`]__3,Module Width 18mm/ module,Module Width 18mm/ module__1,Earth-Leakage Sensitivity (mA),Module Width 18mm/module,Module Width 18mm/module__1,Type,[Ue] Rated Operational Voltage (V),Poles Description,IP Rating,Module Width,No. of Gangs
p086_t01,86,0,Frame,AC-1,AC-3,HP,kW,NO,NC,,M7 (220V),N5 (415V),,,,,,,,,,,,,,,,,,,,,,,,,,,,,,,,,,,,,,,,,,,,,,,,,,,,,,,,,,,,,,,,,,,,,,,,
p086_t02,86,0,Frame,AC-1,AC-3,HP,kW,NO,NC,,M7 (220V),N5 (415),M5 (220V),N7 (415),,,,,,,,,,,,,,,,,,,,,,,,,,,,,,,,,,,,,,,,,,,,,,,,,,,,,,,,,,,,,,,,,,,,,,
p087_t01,87,0,Frame,AC-1,AC-3,HP,kW,NO,NC,,BD,,,,,,,,,,,,,,,,,,,,,,,,,,,,,,,,,,,,,,,,,,,,,,,,,,,,,,,,,,,,,,,,,,,,,,,,,
p088_t01,88,0,,,,,F5,NO,N5,,B5,,,,NC,M5,,,,,,,,,,,,,,,,,,,,,,,,,,,,,,,,,,,,,,,,,,,,,,,,,,,,,,,,,,,,,,,,,,,,
p091_t01,91,0,,,,,,,,,,,,,500 V,,690 V,,,,,,,,,,,,,,,,,,,,,,,,,,,,,,,,,,,,,,,,,,,,,,,,,,,,,,,,,,,,,,,,,,,
p091_t02,91,0,,,,,,,,,,,,,500 V,,690 V,,,,,,,,,,,,,,,,,,,,,,,,,,,,,,,,,,,,,,,,,,,,,,,,,,,,,,,,,,,,,,,,,,,
p096_t01,96,0,,,,,M7 (220V),,,,B7 (24V),MD (220V),,,,N7 (415V),,,,No of Poles,,F7 (110V),,BD (24V),FD (110V),,,,,,,,,,,,,,,,,,,,,,,,,,,,,,,,,,,,,,,,,,,,,,,,,,,,,,,,,,,
p096_t02,96,0,,,,,SW3 (72V),,,,BW3 (24V),,,,,,,,,No of Poles,,EW3 (48V),,,,,,,,,,,,,,,,,,,,,,,,,,,,,,,,,,,,,,,,,,,,,,,,,,,,,,,,,,,,,,
p096_t03,96,0,,,,,F7 (110V),,N7 (415V),,B7 (24V),FD (110V),MD (220V),,,M7 (220V),,,,,,,,BD (24V),,,Motor Power kW) at 380/415V,,,,,,,,,,,,,,,,,,,,,,,,,,,,,,,,,,,,,,,,,,,,,,,,,,,,,,,,,
p096_t04,96,0,,,,,M7 (220V),,,,F7 (110V),,,,,,,,,,,,,,,,Motor Power kW) at 380/415V,,,,,,,,,,,,,,,,,,,,,,,,,,,,,,,,,,,,,,,,,,,,,,,,,,,,,,,,,
p098_t01,98,0,,,,,F7 (110V),,,,M7 (220V),,,,,,,,,,,,,,,,,,Nominal Reactive Power 440V,,,,,,,,,,,,,,,,,,,,,,,,,,,,,,,,,,,,,,,,,,,,,,,,,,,,,,,
p099_t01,99,0,,,,,M7 (220V),,,,B7 (24V),MD (220V),,,,N7 (415V),,,,No of Poles,,F7 (110V),,BD (24V),FD (110V),,,,,,,,,,,,,,,,,,,,,,,,,,,,,,,,,,,,,,,,,,,,,,,,,,,,,,,,,,,
p099_t02,99,0,,,,,ML (220V),,,,BL (24V),,,,,,,,,No of Poles,,FL (110V),,,,,,,,,,,,,,,,,,,,,,,,,,,,,,,,,,,,,,,,,,,,,,,,,,,,,,,,,,,,,,
p099_t03,99,0,,,HP,,,,,,M7 (220V),,,,,,,,,,,A,,,F7 (110V),,,,,AC-1 Rated Operational Current [Ie],kW,N7 (415V),,,,,,,,,,,,,,,,,,,,,,,,,,,,,,,,,,,,,,,,,,,,,,,,,,,,
p100_t01,100,0,,,HP,,,,,,BL (24V),,,,,,,,,,,A,,,,,,,,AC-1 Rated Operational Current [Ie],,,kW,,,,,,,,,,,,,,,,,,,,,,,,,,,,,,,,,,,,,,,,,,,,,,,,,,,
p100_t02,100,0,,,,,,,FD (110V),,BD (24V),,,,,,,,,,,,,,,,,,,,,MD (220V),,[Ie] Rated Operational Current AC1,,,,,,,,,,,,,,,,,,,,,,,,,,,,,,,,,,,,,,,,,,,,,,,,,,
p107_t01,107,0,,,HP,,,,,,BBE (24V DC),KUE (100-250V AC/DC),LSE (200-500V AC/DC),,,,,,,,,A,,,EHE (48-130V AC/DC),,,,,AC-1 Rated Operational Current [Ie],,BNE (24-60V AC/DC),,,,,,,kW,,,,,,,,,,,,,,,,,,,,,,,,,,,,,,,,,,,,,,,,,,,,,
p107_t02,107,0,,,,,,,EHE (48-130V AC/DC),,BBE (24V DC),,,,,BNE (24-60V AC/DC),,,,,,,,,LSE (200-500V AC/DC),,,,,,,KUE (100-250V AC/DC),,,,,,,,[Ie] Rated Operational Current AC-1,,,,,,,,,,,,,,,,,,,,,,,,,,,,,,,,,,,,,,,,,,,,
p110_t02,110,0,,,,,E (42/48V) (AC/DC),,M (220/240V) (AC/DC),,B (24V) (AC/DC),,,,,F (110/127V) (AC/DC),,,,,,,,,,,,,,,,,,,,,,,,,,Description,,,,,,,,,,,,,,,,,,,,,,,,,,,,,,,,,,,,,,,,,,
p117_t02,117,0,,,,,KUEN (100-250 V),,,,EHEN (48-130 V),,,,,,,,,,,,,,,,,,,,,,,,,,,,,[Ie] Rated Operational Current AC-1,,,,kW (@415V),,,,,,,,,,,,,,,,,,,,,,,,,,,,,,,,,,,,,,,,
p117_t03,117,0,,,,,KUEN (100-250 V),,,,EHEN (48-130 V),,,,,,,,,,,,,,,,,,,,,,,,,,,,,[Ie] Rated Operational Current AC-1,,,,,,,,,,,,,,,,,,,,,,,,,,,,,,,,,,,,,,,,,,,,
p119_t03,119,0,,,,,KUEN (100-250V),,,,EHEN (48-130V),,,,,,,,,,,,,,,,,,,,,,,,,,,,,,,,,,,,Pole Composition,,,,,,,,,,,,,,,,,,,,,,,,,,,,,,,,,,,,,
p127_t01,127,0,,,,,,,,,,,,,500V,,,,,,,,,,,,,,,,,,,,,,,,,,,,,,,,,,690V,,,,,,,,,,,,,,,,,,,,,,,,,,,,,,,,,,,
p127_t02,127,0,,,,,,,,,,,,,500V,,,,,,,,,,,,,,,,,,,,,,,,,,,,,,,,,,690V,,,,,,,,,,,,,,,,,,,,,,,,,,,,,,,,,,,
p127_t03,127,0,,,HP,,,,,,,,,,,,,,,,,,,,,,,,,,,,,,,,,,,,,,,,,,,,,,,Breaking Capacity at 415V 50Hz,kW,,,,,,,,,,,,,,,,,,,,,,,,,,,,,,,
p148_t02,148,0,,,,,,,,,,,,,HD,,,,,,,HD,,,,,,,,,,,,,,,,,,,,,,,,,,,,,,,,ND,ND,,,,,,,,,,,,,,,,,,,,,,,,,,,,,
p151_t01,151,0,,,,,,,,,,,,,HD,,,,,,,HD,,,,,,,,,,,,,,,,,,,,,,,,,,,,,,,,,,ND,ND,,,,,,,,,,,,,,,,,,,,,,,,,,,
p154_t02,154,0,,,440 Vac,,,,,,,,,,400 Vac,,,,,,,,,,,,,,,,,,,,,,,,,,,,,,,,,,,,,,,,,,,230 Vac,,,,,,,,,,,,,,,,,,,,,,,,,,
p171_t01,171,0,,,,,,,,RM10TG00N,2071,,,,,,,,,,,,,,,,,,,,,,,,,,,,,,,Description,,,,,,,,,,,,,,,,,,-,208…480Vac,"1CO, 5A",,,,,,,,,,,,,,,,,,,,,,
p171_t02,171,0,,,,,,,,RE10RAMUN,1417,,,,,,,,,,,,,,,,,,,,,,,,,,,,,,,Description,,,,,,,,,,,,,,,,,,0…30hrs,240VAC or 24VAC/DC,"1CO, 5A",,,,,,,,,,,,,,,,,,,,,,
p191_t01,191,0,,,,,,,,,,,,,,Horizontal,,,,,,,,,,,,,,,,,,,,,,,,,,Description,,,,,,,,,,,,,,,,,,,,,,,,Vertical,,,,,,,,,,,,,,,,,,
p210_t01,210,0,,,,,,,,,,,,,,,,,,,,,,,,,,,,,,,,,,,,,,,,,,,,,,,,,,,,,,,,,,,,,,,,,Module Width**,1 mod,2 mod,3 mod,,4 mod,,,,,,,,,,,,
p210_t01,210,1,,,,,,,,,,,,,,,,,,,,,,,,,,,,,,,,,,,,,,,,,,,,,,,,,,,,,,,,,,,,,,,,,MOQ,12 Nos.,6 Nos.,4 Nos.,,3 Nos.,,,,,,,,,,,,
p210_t01,210,2,,,,,,,,,,,,,,,,,,,,,,,,,,,,,,,,,,,,,,,,,,,,,,,,,,,,,,,,,,,,,,,,,B curve,,,,,,,,,,,,,,,,,
p210_t01,210,3,,,,,,,,,535,,,,,,,,,,,,,1615,,,,,,,,,,,,,,,,,,,,,,,,,,,,,,,,,,,,,,,,,,,6,A9N1P06BGN (cid:2),A9N2P06BGN (cid:2),A9N3P06BGN (cid:2),2678,A9N4P06BGN,3421,,,,,,,,,,,
p210_t01,210,4,,,,,,,,,535,,,,,,,,,,,,,1615,,,,,,,,,,,,,,,,,,,,,,,,,,,,,,,,,,,,,,,,,,,10,A9N1P10BGN (cid:2),A9N2P10BGN (cid:2),A9N3P10BGN (cid:2),2678,-,-,,,,,,,,,,,
p210_t01,210,5,,,,,,,,,535,,,,,,,,,,,,,1615,,,,,,,,,,,,,,,,,,,,,,,,,,,,,,,,,,,,,,,,,,,16,A9N1P16BGN (cid:2),A9N2P16BGN (cid:2),A9N3P16BGN (cid:2),2678,A9N4P16BGN,3421,,,,,,,,,,,
p210_t01,210,6,,,,,,,,,535,,,,,,,,,,,,,1615,,,,,,,,,,,,,,,,,,,,,,,,,,,,,,,,,,,,,,,,,,,20,A9N1P20BGN (cid:2),A9N2P20BGN (cid:2),A9N3P20BGN,2678,-,-,,,,,,,,,,,
p210_t01,210,7,,,,,,,,,535,,,,,,,,,,,,,1615,,,,,,,,,,,,,,,,,,,,,,,,,,,,,,,,,,,,,,,,,,,25,A9N1P25BGN (cid:2),A9N2P25BGN,A9N3P25BGN (cid:2),2678,-,-,,,,,,,,,,,
p210_t01,210,8,,,,,,,,,535,,,,,,,,,,,,,1615,,,,,,,,,,,,,,,,,,,,,,,,,,,,,,,,,,,,,,,,,,,32,A9N1P32BGN (cid:2),A9N2P32BGN,A9N3P32BGN (cid:2),2678,A9N4P32BGN,3421,,,,,,,,,,,
p210_t01,210,9,,,,,,,,,1161,,,,,,,,,,,,,3506,,,,,,,,,,,,,,,,,,,,,,,,,,,,,,,,,,,,,,,,,,,40,A9N1P40BGN (cid:2),A9N2P40BGN,A9N3P40BGN,3655,A9N4P40BGN,5195,,,,,,,,,,,
p210_t01,210,10,,,,,,,,,1161,,,,,,,,,,,,,-,,,,,,,,,,,,,,,,,,,,,,,,,,,,,,,,,,,,,,,,,,,50,A9N1P50BGN,-,A9N3P50BGN,3655,-,-,,,,,,,,,,,
p210_t01,210,11,,,,,,,,,1177,,,,,,,,,,,,,-,,,,,,,,,,,,,,,,,,,,,,,,,,,,,,,,,,,,,,,,,,,63,A9N1P63BGN (cid:2),-,A9N3P63BGN (cid:2),4114,A9N4P63BGN,5243,,,,,,,,,,,
p210_t01,210,12,,,,,,,,,,,,,,,,,,,,,,,,,,,,,,,,,,,,,,,,,,,,,,,,,,,,,,,,,,,,,,,,,C curve,,,,,,,,,,,,,,,,,
p210_t01,210,13,,,,,,,,,820,,,,,,,,,,,,,2235,,,,,,,,,,,,,,,,,,,,,,,,,,,,,,,,,,,,,,,,,,,1,A9N1P01CGN (cid:2),A9N2P01CGN (cid:2),A9N3P01CGN (cid:2),3528,A9N4P01CGN (cid:2),4440,,,,,,,,,,,
p210_t01,210,14,,,,,,,,,820,,,,,,,,,,,,,2235,,,,,,,,,,,,,,,,,,,,,,,,,,,,,,,,,,,,,,,,,,,2,A9N1P02CGN (cid:2),A9N2P02CGN,A9N3P02CGN (cid:2),3528,A9N4P02CGN (cid:2),4440,,,,,,,,,,,
p210_t01,210,15,,,,,,,,,820,,,,,,,,,,,,,2235,,,,,,,,,,,,,,,,,,,,,,,,,,,,,,,,,,,,,,,,,,,3,A9N1P03CGN (cid:2),A9N2P03CGN (cid:2),A9N3P03CGN (cid:2),3528,-,-,,,,,,,,,,,
p210_t01,210,16,,,,,,,,,820,,,,,,,,,,,,,2235,,,,,,,,,,,,,,,,,,,,,,,,,,,,,,,,,,,,,,,,,,,4,A9N1P04CGN (cid:2),A9N2P04CGN (cid:2),A9N3P04CGN (cid:2),3528,A9N4P04CGN (cid:2),4440,,,,,,,,,,,
p210_t01,210,17,,,,,,,,,486,,,,,,,,,,,,,1615,,,,,,,,,,,,,,,,,,,,,,,,,,,,,,,,,,,,,,,,,,,6,A9N1P06CGN (cid:2),A9N2P06CGN (cid:2),A9N3P06CGN (cid:2),2678,A9N4P06CGN (cid:2),3609,,,,,,,,,,,
p210_t01,210,18,,,,,,,,,486,,,,,,,,,,,,,1615,,,,,,,,,,,,,,,,,,,,,,,,,,,,,,,,,,,,,,,,,,,10,A9N1P10CGN (cid:2),A9N2P10CGN (cid:2),A9N3P10CGN (cid:2),2678,A9N4P10CGN (cid:2),3609,,,,,,,,,,,
p210_t01,210,19,,,,,,,,,486,,,,,,,,,,,,,1615,,,,,,,,,,,,,,,,,,,,,,,,,,,,,,,,,,,,,,,,,,,16,A9N1P16CGN (cid:2),A9N2P16CGN (cid:2),A9N3P16CGN (cid:2),2678,A9N4P16CGN (cid:2),3609,,,,,,,,,,,
p210_t01,210,20,,,,,,,,,486,,,,,,,,,,,,,1615,,,,,,,,,,,,,,,,,,,,,,,,,,,,,,,,,,,,,,,,,,,20,A9N1P20CGN (cid:2),A9N2P20CGN (cid:2),A9N3P20CGN (cid:2),2678,A9N4P20CGN (cid:2),3609,,,,,,,,,,,
p210_t01,210,21,,,,,,,,,486,,,,,,,,,,,,,1615,,,,,,,,,,,,,,,,,,,,,,,,,,,,,,,,,,,,,,,,,,,25,A9N1P25CGN (cid:2),A9N2P25CGN (cid:2),A9N3P25CGN (cid:2),2678,A9N4P25CGN (cid:2),3609,,,,,,,,,,,
p210_t01,210,22,,,,,,,,,486,,,,,,,,,,,,,1615,,,,,,,,,,,,,,,,,,,,,,,,,,,,,,,,,,,,,,,,,,,32,A9N1P32CGN (cid:2),A9N2P32CGN (cid:2),A9N3P32CGN (cid:2),2678,A9N4P32CGN (cid:2),3609,,,,,,,,,,,
p210_t01,210,23,,,,,,,,,1161,,,,,,,,,,,,,2599,,,,,,,,,,,,,,,,,,,,,,,,,,,,,,,,,,,,,,,,,,,40,A9N1P40CGN (cid:2),A9N2P40CGN (cid:2),A9N3P40CGN (cid:2),4079,A9N4P40CGN (cid:2),5243,,,,,,,,,,,
p210_t01,210,24,,,,,,,,,1161,,,,,,,,,,,,,2599,,,,,,,,,,,,,,,,,,,,,,,,,,,,,,,,,,,,,,,,,,,50,A9N1P50CGN,A9N2P50CGN,A9N3P50CGN,4079,A9N4P50CGN,5243,,,,,,,,,,,
p210_t01,210,25,,,,,,,,,1177,,,,,,,,,,,,,2621,,,,,,,,,,,,,,,,,,,,,,,,,,,,,,,,,,,,,,,,,,,63,A9N1P63CGN (cid:2),A9N2P63CGN (cid:2),A9N3P63CGN (cid:2),4214,A9N4P63CGN (cid:2),5460,,,,,,,,,,,
p210_t01,210,26,,,,,,,,,,,,,,,,,,,,,,,,,,,,,,,,,,,,,,,,,,,,,,,,,,,,,,,,,,,,,,,,,D curve,,,,,,,,,,,,,,,,,
p210_t01,210,27,,,,,,,,,828,,,,,,,,,,,,,2259,,,,,,,,,,,,,,,,,,,,,,,,,,,,,,,,,,,,,,,,,,,2,A9N1P02DGN (cid:2),A9N2P02DGN (cid:2),-,-,-,-,,,,,,,,,,,
p210_t01,210,28,,,,,,,,,828,,,,,,,,,,,,,2259,,,,,,,,,,,,,,,,,,,,,,,,,,,,,,,,,,,,,,,,,,,3,A9N1P03DGN (cid:2),A9N2P03DGN,A9N3P03DGN (cid:2),3582,-,-,,,,,,,,,,,
p210_t01,210,29,,,,,,,,,828,,,,,,,,,,,,,2259,,,,,,,,,,,,,,,,,,,,,,,,,,,,,,,,,,,,,,,,,,,4,A9N1P04DGN (cid:2),A9N2P04DGN (cid:2),A9N3P04DGN (cid:2),3582,-,-,,,,,,,,,,,
p210_t01,210,30,,,,,,,,,698,,,,,,,,,,,,,1692,,,,,,,,,,,,,,,,,,,,,,,,,,,,,,,,,,,,,,,,,,,6,A9N1P06DGN (cid:2),A9N2P06DGN (cid:2),A9N3P06DGN (cid:2),2821,-,-,,,,,,,,,,,
p210_t01,210,31,,,,,,,,,698,,,,,,,,,,,,,1692,,,,,,,,,,,,,,,,,,,,,,,,,,,,,,,,,,,,,,,,,,,10,A9N1P10DGN (cid:2),A9N2P10DGN (cid:2),A9N3P10DGN (cid:2),2821,-,-,,,,,,,,,,,
p210_t01,210,32,,,,,,,,,698,,,,,,,,,,,,,1692,,,,,,,,,,,,,,,,,,,,,,,,,,,,,,,,,,,,,,,,,,,16,A9N1P16DGN (cid:2),A9N2P16DGN (cid:2),A9N3P16DGN (cid:2),2821,A9N4P16DGN (cid:2),3742,,,,,,,,,,,
p210_t01,210,33,,,,,,,,,698,,,,,,,,,,,,,1692,,,,,,,,,,,,,,,,,,,,,,,,,,,,,,,,,,,,,,,,,,,20,A9N1P20DGN (cid:2),A9N2P20DGN (cid:2),A9N3P20DGN (cid:2),2821,A9N4P20DGN (cid:2),3742,,,,,,,,,,,
p210_t01,210,34,,,,,,,,,698,,,,,,,,,,,,,1692,,,,,,,,,,,,,,,,,,,,,,,,,,,,,,,,,,,,,,,,,,,25,A9N1P25DGN (cid:2),A9N2P25DGN (cid:2),A9N3P25DGN (cid:2),2821,A9N4P25DGN (cid:2),3742,,,,,,,,,,,
p210_t01,210,35,,,,,,,,,698,,,,,,,,,,,,,1692,,,,,,,,,,,,,,,,,,,,,,,,,,,,,,,,,,,,,,,,,,,32,A9N1P32DGN (cid:2),A9N2P32DGN (cid:2),A9N3P32DGN (cid:2),2821,A9N4P32DGN (cid:2),3742,,,,,,,,,,,
p210_t01,210,36,,,,,,,,,1254,,,,,,,,,,,,,2747,,,,,,,,,,,,,,,,,,,,,,,,,,,,,,,,,,,,,,,,,,,40,A9N1P40DGN (cid:2),A9N2P40DGN (cid:2),A9N3P40DGN (cid:2),4322,A9N4P40DGN (cid:2),5419,,,,,,,,,,,
p210_t01,210,37,,,,,,,,,-,,,,,,,,,,,,,-,,,,,,,,,,,,,,,,,,,,,,,,,,,,,,,,,,,,,,,,,,,50,-,-,A9N3P50DGN,4322,-,-,,,,,,,,,,,
p210_t01,210,38,,,,,,,,,1268,,,,,,,,,,,,,2780,,,,,,,,,,,,,,,,,,,,,,,,,,,,,,,,,,,,,,,,,,,63,A9N1P63DGN (cid:2),A9N2P63DGN (cid:2),A9N3P63DGN (cid:2),4360,A9N4P63DGN (cid:2),5475,,,,,,,,,,,
p211_t01,211,0,,,,,,,,,,,,,,,,,,,,,,,,,,,,,,,,,,,,,,,,,,,,,,,,,,,,,,,,,,,,,,,,,Module Width**,1 mod,2 mod,3 mod,,4 mod,,,,,,,,,,,,
p211_t01,211,1,,,,,,,,,,,,,,,,,,,,,,,,,,,,,,,,,,,,,,,,,,,,,,,,,,,,,,,,,,,,,,,,,MOQ,12 Nos.,6 Nos.,4 Nos.,,3 Nos.,,,,,,,,,,,,
p211_t01,211,2,,,,,,,,,,,,,,,,,,,,,,,,,,,,,,,,,,,,,,,,,,,,,,,,,,,,,,,,,,,,,,,,,B curve,,,,,,,,,,,,,,,,,
p211_t01,211,3,,,,,,,,,551,,,,,,,,,,,,,1662,,,,,,,,,,,,,,,,,,,,,,,,,,,,,,,,,,,,,,,,,,,6,A9N1P06BIN (cid:2),A9N2P06BIN (cid:2),A9N3P06BIN (cid:2),2759,-,-,,,,,,,,,,,
p211_t01,211,4,,,,,,,,,551,,,,,,,,,,,,,1662,,,,,,,,,,,,,,,,,,,,,,,,,,,,,,,,,,,,,,,,,,,10,A9N1P10BIN (cid:2),A9N2P10BIN (cid:2),A9N3P10BIN (cid:2),2759,-,-,,,,,,,,,,,
p211_t01,211,5,,,,,,,,,551,,,,,,,,,,,,,1662,,,,,,,,,,,,,,,,,,,,,,,,,,,,,,,,,,,,,,,,,,,16,A9N1P16BIN (cid:2),A9N2P16BIN (cid:2),A9N3P16BIN (cid:2),2759,-,-,,,,,,,,,,,
p211_t01,211,6,,,,,,,,,551,,,,,,,,,,,,,1662,,,,,,,,,,,,,,,,,,,,,,,,,,,,,,,,,,,,,,,,,,,20,A9N1P20BIN (cid:2),A9N2P20BIN (cid:2),-,-,-,-,,,,,,,,,,,
p211_t01,211,7,,,,,,,,,551,,,,,,,,,,,,,-,,,,,,,,,,,,,,,,,,,,,,,,,,,,,,,,,,,,,,,,,,,25,A9N1P25BIN (cid:2),-,A9N3P25BIN (cid:2),2759,-,-,,,,,,,,,,,
p211_t01,211,8,,,,,,,,,551,,,,,,,,,,,,,-,,,,,,,,,,,,,,,,,,,,,,,,,,,,,,,,,,,,,,,,,,,32,A9N1P32BIN (cid:2),-,A9N3P32BIN (cid:2),2759,A9N4P32BIN (cid:2),3718,,,,,,,,,,,
p211_t01,211,9,,,,,,,,,1196,,,,,,,,,,,,,-,,,,,,,,,,,,,,,,,,,,,,,,,,,,,,,,,,,,,,,,,,,40,A9N1P40BIN (cid:2),-,-,-,A9N4P40BIN (cid:2),5351,,,,,,,,,,,
p211_t01,211,10,,,,,,,,,1212,,,,,,,,,,,,,-,,,,,,,,,,,,,,,,,,,,,,,,,,,,,,,,,,,,,,,,,,,63,A9N1P63BIN (cid:2),-,A9N3P63BIN (cid:2),4238,A9N4P63BIN (cid:2),5401,,,,,,,,,,,
p211_t01,211,11,,,,,,,,,,,,,,,,,,,,,,,,,,,,,,,,,,,,,,,,,,,,,,,,,,,,,,,,,,,,,,,,,C curve,,,,,,,,,,,,,,,,,
p211_t01,211,12,,,,,,,,,845,,,,,,,,,,,,,2303,,,,,,,,,,,,,,,,,,,,,,,,,,,,,,,,,,,,,,,,,,,1,A9N1P01CIN (cid:2),A9N2P01CIN (cid:2),A9N3P01CIN (cid:2),3634,A9N4P01CIN (cid:2),4573,,,,,,,,,,,
p211_t01,211,13,,,,,,,,,845,,,,,,,,,,,,,2303,,,,,,,,,,,,,,,,,,,,,,,,,,,,,,,,,,,,,,,,,,,2,A9N1P02CIN (cid:2),A9N2P02CIN (cid:2),A9N3P02CIN (cid:2),3634,A9N4P02CIN (cid:2),4573,,,,,,,,,,,
p211_t01,211,14,,,,,,,,,845,,,,,,,,,,,,,2303,,,,,,,,,,,,,,,,,,,,,,,,,,,,,,,,,,,,,,,,,,,3,A9N1P03CIN (cid:2),A9N2P03CIN (cid:2),A9N3P03CIN (cid:2),3634,-,-,,,,,,,,,,,
p211_t01,211,15,,,,,,,,,845,,,,,,,,,,,,,2303,,,,,,,,,,,,,,,,,,,,,,,,,,,,,,,,,,,,,,,,,,,4,A9N1P04CIN (cid:2),A9N2P04CIN (cid:2),A9N3P04CIN (cid:2),3634,A9N4P04CIN (cid:2),4573,,,,,,,,,,,
p211_t01,211,16,,,,,,,,,501,,,,,,,,,,,,,1662,,,,,,,,,,,,,,,,,,,,,,,,,,,,,,,,,,,,,,,,,,,6,A9N1P06CIN (cid:2),A9N2P06CIN (cid:2),A9N3P06CIN (cid:2),2759,A9N4P06CIN (cid:2),3718,,,,,,,,,,,
p211_t01,211,17,,,,,,,,,501,,,,,,,,,,,,,1662,,,,,,,,,,,,,,,,,,,,,,,,,,,,,,,,,,,,,,,,,,,10,A9N1P10CIN (cid:2),A9N2P10CIN (cid:2),A9N3P10CIN (cid:2),2759,A9N4P10CIN (cid:2),3718,,,,,,,,,,,
p211_t01,211,18,,,,,,,,,501,,,,,,,,,,,,,1662,,,,,,,,,,,,,,,,,,,,,,,,,,,,,,,,,,,,,,,,,,,16,A9N1P16CIN (cid:2),A9N2P16CIN (cid:2),A9N3P16CIN (cid:2),2759,A9N4P16CIN (cid:2),3718,,,,,,,,,,,
p211_t01,211,19,,,,,,,,,501,,,,,,,,,,,,,1662,,,,,,,,,,,,,,,,,,,,,,,,,,,,,,,,,,,,,,,,,,,20,A9N1P20CIN (cid:2),A9N2P20CIN (cid:2),A9N3P20CIN (cid:2),2759,A9N4P20CIN (cid:2),3718,,,,,,,,,,,
p211_t01,211,20,,,,,,,,,501,,,,,,,,,,,,,1662,,,,,,,,,,,,,,,,,,,,,,,,,,,,,,,,,,,,,,,,,,,25,A9N1P25CIN (cid:2),A9N2P25CIN (cid:2),A9N3P25CIN (cid:2),2759,A9N4P25CIN (cid:2),3718,,,,,,,,,,,
p211_t01,211,21,,,,,,,,,501,,,,,,,,,,,,,1662,,,,,,,,,,,,,,,,,,,,,,,,,,,,,,,,,,,,,,,,,,,32,A9N1P32CIN (cid:2),A9N2P32CIN (cid:2),A9N3P32CIN (cid:2),2759,A9N4P32CIN (cid:2),3718,,,,,,,,,,,
p211_t01,211,22,,,,,,,,,1196,,,,,,,,,,,,,2677,,,,,,,,,,,,,,,,,,,,,,,,,,,,,,,,,,,,,,,,,,,40,A9N1P40CIN (cid:2),A9N2P40CIN (cid:2),A9N3P40CIN (cid:2),4201,A9N4P40CIN (cid:2),5401,,,,,,,,,,,
p211_t01,211,23,,,,,,,,,1196,,,,,,,,,,,,,2677,,,,,,,,,,,,,,,,,,,,,,,,,,,,,,,,,,,,,,,,,,,50,A9N1P50CIN,A9N2P50CIN,A9N3P50CIN,4201,A9N4P50CIN,5401,,,,,,,,,,,
p211_t01,211,24,,,,,,,,,1212,,,,,,,,,,,,,2702,,,,,,,,,,,,,,,,,,,,,,,,,,,,,,,,,,,,,,,,,,,63,A9N1P63CIN (cid:2),A9N2P63CIN (cid:2),A9N3P63CIN (cid:2),4341,A9N4P63CIN (cid:2),5625,,,,,,,,,,,
p211_t01,211,25,,,,,,,,,,,,,,,,,,,,,,,,,,,,,,,,,,,,,,,,,,,,,,,,,,,,,,,,,,,,,,,,,D curve,,,,,,,,,,,,,,,,,
p211_t01,211,26,,,,,,,,,852,,,,,,,,,,,,,2327,,,,,,,,,,,,,,,,,,,,,,,,,,,,,,,,,,,,,,,,,,,2,A9N1P02DIN (cid:2),A9N2P02DIN (cid:2),-,-,-,-,,,,,,,,,,,
p211_t01,211,27,,,,,,,,,852,,,,,,,,,,,,,-,,,,,,,,,,,,,,,,,,,,,,,,,,,,,,,,,,,,,,,,,,,3,A9N1P03DIN (cid:2),-,A9N3P03DIN (cid:2),3690,-,-,,,,,,,,,,,
p211_t01,211,28,,,,,,,,,852,,,,,,,,,,,,,2327,,,,,,,,,,,,,,,,,,,,,,,,,,,,,,,,,,,,,,,,,,,4,A9N1P04DIN (cid:2),A9N2P04DIN (cid:2),A9N3P04DIN (cid:2),3690,-,-,,,,,,,,,,,
p211_t01,211,29,,,,,,,,,719,,,,,,,,,,,,,1744,,,,,,,,,,,,,,,,,,,,,,,,,,,,,,,,,,,,,,,,,,,6,A9N1P06DIN (cid:2),A9N2P06DIN (cid:2),A9N3P06DIN (cid:2),2907,-,-,,,,,,,,,,,
p211_t01,211,30,,,,,,,,,719,,,,,,,,,,,,,1744,,,,,,,,,,,,,,,,,,,,,,,,,,,,,,,,,,,,,,,,,,,10,A9N1P10DIN (cid:2),A9N2P10DIN (cid:2),A9N3P10DIN (cid:2),2907,-,-,,,,,,,,,,,
p211_t01,211,31,,,,,,,,,719,,,,,,,,,,,,,1744,,,,,,,,,,,,,,,,,,,,,,,,,,,,,,,,,,,,,,,,,,,16,A9N1P16DIN (cid:2),A9N2P16DIN (cid:2),A9N3P16DIN (cid:2),2907,A9N4P16DIN (cid:2),3855,,,,,,,,,,,
p211_t01,211,32,,,,,,,,,719,,,,,,,,,,,,,1744,,,,,,,,,,,,,,,,,,,,,,,,,,,,,,,,,,,,,,,,,,,20,A9N1P20DIN (cid:2),A9N2P20DIN (cid:2),A9N3P20DIN (cid:2),2907,A9N4P20DIN (cid:2),3855,,,,,,,,,,,
p211_t01,211,33,,,,,,,,,719,,,,,,,,,,,,,1744,,,,,,,,,,,,,,,,,,,,,,,,,,,,,,,,,,,,,,,,,,,25,A9N1P25DIN (cid:2),A9N2P25DIN (cid:2),A9N3P25DIN (cid:2),2907,A9N4P25DIN (cid:2),3855,,,,,,,,,,,
p211_t01,211,34,,,,,,,,,719,,,,,,,,,,,,,1744,,,,,,,,,,,,,,,,,,,,,,,,,,,,,,,,,,,,,,,,,,,32,A9N1P32DIN (cid:2),A9N2P32DIN (cid:2),A9N3P32DIN (cid:2),2907,A9N4P32DIN (cid:2),3855,,,,,,,,,,,
p211_t01,211,35,,,,,,,,,1292,,,,,,,,,,,,,2830,,,,,,,,,,,,,,,,,,,,,,,,,,,,,,,,,,,,,,,,,,,40,A9N1P40DIN (cid:2),A9N2P40DIN (cid:2),A9N3P40DIN (cid:2),4452,A9N4P40DIN (cid:2),5583,,,,,,,,,,,
p211_t01,211,36,,,,,,,,,-,,,,,,,,,,,,,-,,,,,,,,,,,,,,,,,,,,,,,,,,,,,,,,,,,,,,,,,,,50,-,-,A9N3P50DIN,4452,A9N4P50DIN,5583,,,,,,,,,,,
p211_t01,211,37,,,,,,,,,1306,,,,,,,,,,,,,2864,,,,,,,,,,,,,,,,,,,,,,,,,,,,,,,,,,,,,,,,,,,63,A9N1P63DIN,A9N2P63DIN (cid:2),A9N3P63DIN (cid:2),4491,A9N4P63DIN (cid:2),5639,,,,,,,,,,,
p212_t01,212,0,,,,,,,,,,,,,,,,,,,,,,,,,,,,,,,,,,,,,,,,,,,,,,,,,,,,,,,,,,,,,,,,,MOQ,12 Nos.,6 Nos.,,,,,,,,,,,,,,,
p212_t01,212,1,,,,,,,,,,,,,,,,,,,,,,,,,,,,,,,,,,,,,,,,,,,,,,,,,,,,,,,,,,,,,,,,,C60H-DC,,,,,,,,,,,,,,,,,
p214_t01,214,0,,,,,,,,,5571,,,,,,,,,,,,,7819,,,,,,,,,,,,,,,,,,,,,,,,,,,,,,,,,,,,,,,,,,,25,,A9N16201,,,A9N16251,,,,30,2,4,,,,,,
p214_t01,214,1,,,,,,,,,6183,,,,,,,,,,,,,8310,,,,,,,,,,,,,,,,,,,,,,,,,,,,,,,,,,,,,,,,,,,[In] Rated Current (A),,A9N16203,,,A9N16253,,,,100,2,4,,,,,,
p214_t01,214,2,,,,,,,,,6371,,,,,,,,,,,,,8555,,,,,,,,,,,,,,,,,,,,,,,,,,,,,,,,,,,,,,,,,,,[In] Rated Current (A),,A9N16202,,,A9N16252,,,,300,2,4,,,,,,
p214_t01,214,3,,,,,,,,,6558,,,,,,,,,,,,,7697,,,,,,,,,,,,,,,,,,,,,,,,,,,,,,,,,,,,,,,,,,,40,,A9N16204,,,A9N16254,,,,30,2,4,,,,,,
p214_t01,214,4,,,,,,,,,7070,,,,,,,,,,,,,8356,,,,,,,,,,,,,,,,,,,,,,,,,,,,,,,,,,,,,,,,,,,[In] Rated Current (A),,A9N16205,,,A9N16255,,,,100,2,4,,,,,,
p214_t01,214,5,,,,,,,,,7415,,,,,,,,,,,,,8678,,,,,,,,,,,,,,,,,,,,,,,,,,,,,,,,,,,,,,,,,,,[In] Rated Current (A),,A9N16206,,,A9N16256,,,,300,2,4,,,,,,
p214_t01,214,6,,,,,,,,,7897,,,,,,,,,,,,,8913,,,,,,,,,,,,,,,,,,,,,,,,,,,,,,,,,,,,,,,,,,,63,,A9N16208,,,A9N16258,,,,30,2,4,,,,,,
p214_t01,214,7,,,,,,,,,8492,,,,,,,,,,,,,9872,,,,,,,,,,,,,,,,,,,,,,,,,,,,,,,,,,,,,,,,,,,[In] Rated Current (A),,A9N16209,,,A9N16259,,,,100,2,4,,,,,,
p214_t01,214,8,,,,,,,,,8663,,,,,,,,,,,,,9918,,,,,,,,,,,,,,,,,,,,,,,,,,,,,,,,,,,,,,,,,,,[In] Rated Current (A),,A9N16210,,,A9N16260,,,,300,2,4,,,,,,
p214_t01,214,9,,,,,,,,,13274,,,,,,,,,,,,,15723,,,,,,,,,,,,,,,,,,,,,,,,,,,,,,,,,,,,,,,,,,,80,,A9N16212,,,A9N16261,,,,30,2,4,,,,,,
p214_t01,214,10,,,,,,,,,13496,,,,,,,,,,,,,15976,,,,,,,,,,,,,,,,,,,,,,,,,,,,,,,,,,,,,,,,,,,[In] Rated Current (A),,A9N16213,,,A9N16262,,,,100,2,4,,,,,,
p214_t01,214,11,,,,,,,,,-,,,,,,,,,,,,,16062,,,,,,,,,,,,,,,,,,,,,,,,,,,,,,,,,,,,,,,,,,,[In] Rated Current (A),,-,,,A9N16263,,,,300,2,4,,,,,,
p217_t01,217,0,,,,,,,,,,,,,,,,,,,,,,,,,,,,,,,,,,,,,,,,,,,,,,,,,,,,,,,,,,,,,,,,,,,,,,,,,,,,,Indication Auxiliaries,,,,,
p223_t02,223,0,,,,,,,,,,,,,,,,,,,,,,,,,,,,,,,,,,,,,,,,,,,,,,,,,,,,,,,,,,,,,,,,,Module Width **,,4.5 mod,5.5 mod,,6.5 mod,,,,,,,,,,,,
p223_t02,223,1,,,,,,,,,,,,,,,,,,,,,,,,,,,,,,,,,,,,,,,,,,,,,,,,,,,,,,,,,,,,,,,,,B Curve,,,,,,,,,,,,,,,,,
p237_t02,237,0,,,,,,,,,,,,,,,,,,,,,,,,,,,,,,,,,,,,,,,,Busbars,,,,,,,,,,,,,,,,,,,,,,,,,,,,,,,,,,,,,,,,,,
p242_t01,242,0,,,,,,,,,,,,,,,,,,,,,,,,,,,,,,,,,,,,,,,,,,,,,,,,,,,,,,,,,,,,,,,,,PratiKa Screw,,,,,,,,,,,,,,,,,
p242_t01,242,1,,,,,,,,,,,,,,,,,,,,,,,,,,,,,,,,,,,,,,,,,,,,,,,,,,,,,,,,,,,,,,,,,IP44,,,,,,,,,,,,,,,,,
p242_t02,242,0,,,,,,,,,,,,,,,,,,,,,,,,,,,,,,,,,,,,,,,,,,,,,,,,,,,,,,,,,,,,,,,,,IP44,,,,,,,,,,,,,,,,,
p243_t02,243,0,,,,,,,,,,,,,,,,,,,,,,,,,,,,,,,,,,,,,,,,,,,,,,,,,,,,,,,,,,,,,,,,,PratiKa Screw,,,,,,,,,,,,,,,,,
p243_t02,243,1,,,,,,,,,,,,,,,,,,,,,,,,,,,,,,,,,,,,,,,,,,,,,,,,,,,,,,,,,,,,,,,,,IP44,,,,,,,,,,,,,,,,,
p244_t01,244,0,,,,,,,,,,,,,,,,,,,,,,,,,,,,,,,,,,,,,,,,,,,,,,,,,,,,,,,,,,,,,,,,,PratiKa Screw,,,,,,,,,,,,,,,,,
p244_t01,244,1,,,,,,,,,,,,,,,,,,,,,,,,,,,,,,,,,,,,,,,,,,,,,,,,,,,,,,,,,,,,,,,,,IP44,,,,,,,,,,,,,,,,,
p244_t02,244,0,,,,,,,,,,,,,,,,,,,,,,,,,,,,,,,,,,,,,,,,,,,,,,,,,,,,,,,,,,,,,,,,,PratiKa Screw,,,,,,,,,,,,,,,,,
p244_t02,244,1,,,,,,,,,,,,,,,,,,,,,,,,,,,,,,,,,,,,,,,,,,,,,,,,,,,,,,,,,,,,,,,,,IP44,,,,,,,,,,,,,,,,,
p245_t01,245,0,,,,,,,,,,,,,,,,,,,,,,,,,,,,,,,,,,,,,,,,,,,,,,,,,,,,,,,,,,,,,,,,,IP44,,,,,,,,,,,,,,,,,
p247_t01,247,0,,,,,,,,,,,,,,,,,,,,,,,,,,,,,,,,,,,,,,,,Surface Switches,,,,,,,,,,,,,,,,,,,,,,,,,,,,,,,,,,,,,,,,,,
p247_t01,247,1,,,,,,,,,,,,,,,,,,,,,,,,,,,,,,,,,,,,,,,,Single Pole Switches Less Enclosure,,,,,,,,,,,,,,,,,,,,,,,,,,,,,,,,,,,,,,,,,,
p247_t02,247,0,,,,,,,,,,,,,,,,,,,,,,,,,,,,,,,,,,,,,,,,IP66 Industrial Combination Switch Sockets with Enclosure,,,,,,,,,,,,,,,,,,,,,,,,,,,,,,,,,,,,,,,,,,
p247_t02,247,1,,,,,,,,,,,,,,,,,,,,,,,,,,,,,,,,,,,,,,,,Single Pole Switches Less Enclosure,,,,,,,,,,,,,,,,,,,,,,,,,,,,,,,,,,,,,,,,,,
p248_t01,248,0,,,,,,,,,,,,,,,,,,,,,,,,,,,,,,,,,,,,,,,,Surface Socket Outlets,,,,,,,,,,,,,,,,,,,,,,,,,,,,,,,,,,,,,,,,,,
p248_t01,248,1,,,,,,,,,,,,,,,,,,,,,,,,,,,,,,,,,,,,,,,,3 Pin Sockets Less Enclosure,,,,,,,,,,,,,,,,,,,,,,,,,,,,,,,,,,,,,,,,,,
p248_t02,248,0,,,,,,,,,,,,,,,,,,,,,,,,,,,,,,,,,,,,,,,,Plugs,,,,,,,,,,,,,,,,,,,,,,,,,,,,,,,,,,,,,,,,,,
p248_t02,248,1,,,,,,,,,,,,,,,,,,,,,,,,,,,,,,,,,,,,,,,,3 Pin Angle Plugs,,,,,,,,,,,,,,,,,,,,,,,,,,,,,,,,,,,,,,,,,,
p249_t01,249,0,,,,,,,,,,,,,,,,,,,,,,,,,,,,,,,,,,,,,,,,Switchgear Cover Assembly,,,,,,,,,,,,,,,,,,,,,,,,,,,,,,,,,,,,,,,,,,
p249_t02,249,0,,,,,,,,,,,,,,,,,,,,,,,,,,,,,,,,,,,,,,,,Flush Surrounds,,,,,,,,,,,,,,,,,,,,,,,,,,,,,,,,,,,,,,,,,,
