page,catalog_no,price
16,LV510300FT,9810
16,LV510301FT,9810
16,LV510302FT,9810
16,LV510303FT,9810
16,LV510304FT,9810
16,LV510305FT,9810
16,LV510306FT,9810
16,LV510307FT,9860
16,LV510310FT,13630
16,LV510311FT,13630
16,LV510312FT,13630
16,LV510313FT,13630
16,LV510314FT,13630
16,LV510315FT,13630
16,LV510316FT,13630
16,LV510317FT,13630
16,LV510330FT,13410
16,LV510331FT,13410
16,LV510332FT,13410
16,LV510333FT,13410
16,LV510334FT,13410
16,LV510335FT,13410
16,LV510336FT,13410
16,LV510337FT,13410
16,LV510340FT,16750
16,LV510341FT,16750
16,LV510342FT,16750
16,LV510343FT,16750
16,LV510344FT,16750
16,LV510345FT,16750
16,LV510346FT,16750
16,LV510347FT,16750
16,LV516302FT,14420
16,LV516303FT,18820
16,LV516312FT,17660
16,LV516313FT,22570
16,LV516332FT,14900
16,LV516333FT,19730
16,LV516342FT,18490
16,LV516343FT,23500
16,LV525302FT,24920
16,LV525303FT,29160
16,LV525312FT,31150
16,LV525313FT,35680
16,LV525332FT,28420
16,LV525333FT,31500
16,LV525342FT,35190
16,LV525343FT,39000
17,LV510300,2
17,LV510301,2
17,LV510302,2
17,LV510303,2
17,LV510304,2
17,LV510305,2
17,LV510306,2
17,LV510307,2
17,LV510310,16100
17,LV510311,2
17,LV510312,2
17,LV510313,2
17,LV510314,16100
17,LV510315,2
17,LV510316,2
17,LV510317,2
17,LV510330,2
17,LV510331,2
17,LV510332,2
17,LV510333,2
17,LV510334,2
17,LV510335,2
17,LV510336,2
17,LV510337,2
17,LV510340,19780
17,LV510341,19780
17,LV510342,2
17,LV510343,2
17,LV510344,19780
17,LV510345,2
17,LV510346,19780
17,LV510347,2
17,LV510470,2
17,LV510471,21480
17,LV510472,2
17,LV510473,21480
17,LV510474,21480
17,LV510475,2
17,LV510476,2
17,LV510477,2
17,LV510480,26410
17,LV510481,26410
17,LV510482,2
17,LV510483,26410
17,LV510484,26410
17,LV510485,2
17,LV510486,26410
17,LV510487,2
17,LV516302,2
17,LV516303,2
17,LV516312,2
17,LV516313,2
17,LV516332,2
17,LV516333,2
17,LV516342,21820
17,LV516343,27730
17,LV516462,2
17,LV516463,2
17,LV516467,30560
17,LV516468,35990
17,LV525302,2
17,LV525303,2
17,LV525312,36770
17,LV525313,42110
17,LV525332,33530
17,LV525333,37190
17,LV525342,2
17,LV525343,2
17,LV525452,39110
17,LV525453,42060
17,LV525457,2
17,LV525458,2
17,LV540305,50840
17,LV540306,51140
17,LV540308,2
17,LV540309,2
17,LV540315,2
17,LV540316,2
17,LV540318,68090
17,LV540319,2
17,LV563305,2
17,LV563307,2
17,LV563308,2
17,LV563310,2
17,LV563315,2
17,LV563317,2
17,LV563318,81180
17,LV563320,2
18,LV510550,30960
18,LV510551,30960
18,LV510552,31470
18,LV510553,31470
18,LV510554,37740
18,LV510555,37740
18,LV510580,39840
18,LV510581,39840
18,LV510582,40020
18,LV510583,40020
18,LV510584,51070
18,LV510585,52610
18,LV516505,39540
18,LV516506,40240
18,LV516507,47840
18,LV516508,50420
18,LV516509,55610
18,LV516510,62220
18,LV525505,51960
18,LV525506,54400
18,LV525507,62130
18,LV525508,66640
18,LV525509,75380
18,LV525510,80740
18,LV540505,2
18,LV540506,2
18,LV540510,2
18,LV540511,2
18,LV563505,2
18,LV563506,2
18,LV563510,2
18,LV563511,2
19,LV510450,15840
19,LV510451,15840
19,LV510452,2
19,LV510453,2
19,LV510454,2
19,LV510455,2
19,LV516451,2
19,LV525442,2
19,LV540552,2
19,LV563552,59710
20,LV510608,51710
20,LV510609,51710
20,LV510618,60010
20,LV510619,60010
20,LV510628,53890
20,LV510629,53890
20,LV510638,62550
20,LV510639,62550
20,LV510648,58960
20,LV510649,58960
20,LV510658,70300
20,LV510659,70300
20,LV516600,59400
20,LV516610,73640
20,LV516620,61560
20,LV516630,76340
20,LV516640,70780
20,LV516650,84380
20,LV525600,70120
20,LV525610,86170
20,LV525620,74210
20,LV525630,91380
20,LV525640,77760
20,LV525650,94120
20,LV540620,88650
20,LV540630,102660
20,LV540640,93050
20,LV540650,111070
20,LV563620,97050
20,LV563630,118340
20,LV563640,103000
20,LV563650,132990
21,250VDC,200
21,250VDC,320
21,250VDC,50
21,250VDC,630
21,500VDC,200
21,500VDC,320
21,500VDC,50
21,500VDC,630
21,LV510425,11640
21,LV510426,14750
21,LV510470,21480
21,LV510471,21480
21,LV510472,21480
21,LV510473,21480
21,LV510474,21480
21,LV510475,21480
21,LV510476,21480
21,LV510477,21480
21,LV510480,26410
21,LV510481,26410
21,LV510482,26410
21,LV510483,26410
21,LV510484,26410
21,LV510485,26410
21,LV510486,26410
21,LV510487,26410
21,LV516425,13880
21,LV516426,17470
21,LV516462,27930
21,LV516463,30220
21,LV516467,30560
21,LV516468,35990
21,LV525425,29080
21,LV525426,38720
21,LV525452,39110
21,LV525453,42060
21,LV525457,49140
21,LV525458,51820
21,LV540315,55080
21,LV540316,55480
21,LV540318,68090
21,LV540319,69340
21,LV540400,44980
21,LV540401,57250
21,LV563305,57970
21,LV563307,66380
21,LV563308,73420
21,LV563310,83780
21,LV563315,64330
21,LV563317,70080
21,LV563318,81180
21,LV563320,91740
21,LV563400,51130
21,LV563401,68760
